id,key,project_key,project_name,summary,description,status,priority,issue_type,created,updated,assignee,reporter,labels,components,url
10243,SCRUM-6,SCRUM,sample,JIRA Ticket,"{'type': 'doc', 'version': 1, 'content': [{'type': 'orderedList', 'attrs': {'order': 1}, 'content': [{'type': 'listItem', 'content': [{'type': 'paragraph'}, {'type': 'orderedList', 'attrs': {'order': 1}, 'content': [{'type': 'listItem', 'content': [{'type': 'paragraph', 'content': [{'type': 'text', 'text': 'JIRA Ticket'}]}]}]}]}]}, {'type': 'paragraph', 'content': [{'type': 'text', 'text': '*'}, {'type': 'text', 'text': '1. Title:', 'marks': [{'type': 'strong'}]}, {'type': 'text', 'text': '* Implement Razorpay Payment Gateway Integration during Checkout'}]}, {'type': 'paragraph', 'content': [{'type': 'text', 'text': '*'}, {'type': 'text', 'text': '2. Description:', 'marks': [{'type': 'strong'}]}, {'type': 'text', 'text': '*'}]}, {'type': 'paragraph', 'content': [{'type': 'text', 'text': 'This ticket covers the implementation of the Razorpay payment gateway as an available payment option during the checkout process.  Users should be able to select Razorpay, enter their payment details (credit card, UPI, etc.), and complete the transaction securely. This integration should include necessary error handling and success confirmations, updating the order status accordingly.  The integration must adhere to Razorpay\'s best practices and security standards, including PCI DSS compliance. We should also consider implementing Razorpay\'s webhooks to handle payment confirmations and reconciliation asynchronously.  This functionality will provide users with a widely recognized and trusted payment method, improving conversion rates and overall user experience. This complements the existing ""Ticket Booking and Payment"" functionality by adding a specific payment gateway option.'}]}, {'type': 'paragraph', 'content': [{'type': 'text', 'text': '*'}, {'type': 'text', 'text': '3. Acceptance Criteria:', 'marks': [{'type': 'strong'}]}, {'type': 'text', 'text': '*'}]}, {'type': 'bulletList', 'content': [{'type': 'listItem', 'content': [{'type': 'paragraph', 'content': [{'type': 'text', 'text': '  Users can select Razorpay as a payment option during checkout.'}]}]}, {'type': 'listItem', 'content': [{'type': 'paragraph', 'content': [{'type': 'text', 'text': '  Users are redirected to the Razorpay payment interface upon selecting Razorpay.'}]}]}, {'type': 'listItem', 'content': [{'type': 'paragraph', 'content': [{'type': 'text', 'text': '  The Razorpay payment interface is seamlessly integrated into the existing checkout flow (look and feel).'}]}]}, {'type': 'listItem', 'content': [{'type': 'paragraph', 'content': [{'type': 'text', 'text': '  Users can successfully complete payments using various payment methods supported by Razorpay (credit card, debit card, UPI, net banking, wallets).'}]}]}, {'type': 'listItem', 'content': [{'type': 'paragraph', 'content': [{'type': 'text', 'text': '  Successful payments are reflected in the system with the order status updated to ""Paid"" or equivalent.'}]}]}, {'type': 'listItem', 'content': [{'type': 'paragraph', 'content': [{'type': 'text', 'text': '  Failed payments display informative error messages to the user.'}]}]}, {'type': 'listItem', 'content': [{'type': 'paragraph', 'content': [{'type': 'text', 'text': ""  Payment details are securely handled and transmitted, adhering to PCI DSS compliance and Razorpay's security guidelines.""}]}]}, {'type': 'listItem', 'content': [{'type': 'paragraph', 'content': [{'type': 'text', 'text': '  Refund and dispute resolution flow is correctly implemented to handle scenarios where payments need to be refunded or disputed.'}]}]}, {'type': 'listItem', 'content': [{'type': 'paragraph', 'content': [{'type': 'text', 'text': '  Comprehensive logging is implemented to track payment transactions for debugging and reconciliation purposes.'}]}]}, {'type': 'listItem', 'content': [{'type': 'paragraph', 'content': [{'type': 'text', 'text': '  Webhooks from Razorpay are correctly implemented to handle asynchronous payment confirmations and reconciliation, and update order status in real-time.'}]}]}, {'type': 'listItem', 'content': [{'type': 'paragraph', 'content': [{'type': 'text', 'text': '  The integration is thoroughly tested with various payment methods and scenarios (successful payments, failed payments, refunds, disputes).'}]}]}, {'type': 'listItem', 'content': [{'type': 'paragraph', 'content': [{'type': 'text', 'text': ""  The integration adheres to the company's coding standards and best practices.""}]}]}, {'type': 'listItem', 'content': [{'type': 'paragraph', 'content': [{'type': 'text', 'text': '  Comprehensive documentation is created for the integration, including API endpoints, configuration settings, and troubleshooting steps.'}]}]}, {'type': 'listItem', 'content': [{'type': 'paragraph', 'content': [{'type': 'text', 'text': '  Monitor Razorpay logs for any anomalies such as declined transactions or potential fraudulent activity.'}]}]}, {'type': 'listItem', 'content': [{'type': 'paragraph', 'content': [{'type': 'text', 'text': '  Develop dashboard widgets to analyze payment performance, transaction success rates, and popular payment methods used through Razorpay.'}]}]}]}, {'type': 'paragraph', 'content': [{'type': 'text', 'text': '*'}, {'type': 'text', 'text': '4. Priority:', 'marks': [{'type': 'strong'}]}, {'type': 'text', 'text': '* High'}]}, {'type': 'paragraph', 'content': [{'type': 'text', 'text': '*'}, {'type': 'text', 'text': 'Reasoning:', 'marks': [{'type': 'strong'}]}, {'type': 'text', 'text': ""* Implementing Razorpay as a payment option directly impacts the business's ability to process payments and generate revenue. A reliable and user-friendly payment gateway is crucial for a positive user experience and high conversion rates. Moreover, Razorpay is a popular payment gateway in the target market, and its inclusion will cater to a broader user base. Delaying this feature could result in lost revenue and a negative impact on user satisfaction.""}]}, {'type': 'paragraph', 'content': [{'type': 'text', 'text': '*'}, {'type': 'text', 'text': '5. Type:', 'marks': [{'type': 'strong'}]}, {'type': 'text', 'text': '* Story'}]}, {'type': 'paragraph', 'content': [{'type': 'text', 'text': '*'}, {'type': 'text', 'text': '6. Related Work:', 'marks': [{'type': 'strong'}]}, {'type': 'text', 'text': '*'}]}, {'type': 'bulletList', 'content': [{'type': 'listItem', 'content': [{'type': 'paragraph', 'content': [{'type': 'text', 'text': '  *'}, {'type': 'text', 'text': '[JIRA] Ticket Booking and Payment (JIR-7):', 'marks': [{'type': 'strong'}]}, {'type': 'text', 'text': '*  This ticket covers the overall payment process. This ticket specifically focuses on integrating the Razorpay gateway as a payment option within that existing framework. We need to ensure this new integration seamlessly integrates with the existing ticket booking and payment flow.'}]}]}, {'type': 'listItem', 'content': [{'type': 'paragraph', 'content': [{'type': 'text', 'text': '  *'}, {'type': 'text', 'text': '[JIRA] Payment Gateway Integration (MAJOR-28):', 'marks': [{'type': 'strong'}]}, {'type': 'text', 'text': '* This Epic likely covers the overall strategy and framework for integrating payment gateways. This ticket (the Razorpay integration) is a specific instantiation and component of that broader Epic.'}]}]}]}, {'type': 'paragraph', 'content': [{'type': 'text', 'text': '*'}, {'type': 'text', 'text': '7. Technical Considerations:', 'marks': [{'type': 'strong'}]}, {'type': 'text', 'text': '*'}]}, {'type': 'bulletList', 'content': [{'type': 'listItem', 'content': [{'type': 'paragraph', 'content': [{'type': 'text', 'text': '  *'}, {'type': 'text', 'text': 'API Integration:', 'marks': [{'type': 'strong'}]}, {'type': 'text', 'text': ""* Requires integration with Razorpay's API for payment initiation, confirmation, and reconciliation.""}]}]}, {'type': 'listItem', 'content': [{'type': 'paragraph', 'content': [{'type': 'text', 'text': '  *'}, {'type': 'text', 'text': 'Security:', 'marks': [{'type': 'strong'}]}, {'type': 'text', 'text': ""*  Adherence to PCI DSS compliance and Razorpay's security best practices is paramount.""}]}]}, {'type': 'listItem', 'content': [{'type': 'paragraph', 'content': [{'type': 'text', 'text': '  *'}, {'type': 'text', 'text': 'Webhook Implementation:', 'marks': [{'type': 'strong'}]}, {'type': 'text', 'text': '* Implementation of Razorpay webhooks for handling asynchronous payment confirmations.'}]}]}, {'type': 'listItem', 'content': [{'type': 'paragraph', 'content': [{'type': 'text', 'text': '  *'}, {'type': 'text', 'text': 'Error Handling:', 'marks': [{'type': 'strong'}]}, {'type': 'text', 'text': '* Robust error handling to manage payment failures and display informative messages to the user.'}]}]}, {'type': 'listItem', 'content': [{'type': 'paragraph', 'content': [{'type': 'text', 'text': '  *'}, {'type': 'text', 'text': 'Database Integration:', 'marks': [{'type': 'strong'}]}, {'type': 'text', 'text': '* Integration with the database to update order status based on payment events.'}]}]}, {'type': 'listItem', 'content': [{'type': 'paragraph', 'content': [{'type': 'text', 'text': '  *'}, {'type': 'text', 'text': 'Configuration:', 'marks': [{'type': 'strong'}]}, {'type': 'text', 'text': '*  Configurable settings for API keys and other Razorpay-specific parameters.'}]}]}, {'type': 'listItem', 'content': [{'type': 'paragraph', 'content': [{'type': 'text', 'text': '  *'}, {'type': 'text', 'text': 'Testing:', 'marks': [{'type': 'strong'}]}, {'type': 'text', 'text': '* Thorough testing across different browsers, devices, and payment methods.'}]}]}, {'type': 'listItem', 'content': [{'type': 'paragraph', 'content': [{'type': 'text', 'text': '  *'}, {'type': 'text', 'text': 'Logging:', 'marks': [{'type': 'strong'}]}, {'type': 'text', 'text': '* Comprehensive logging for debugging and auditing purposes.'}]}]}, {'type': 'listItem', 'content': [{'type': 'paragraph', 'content': [{'type': 'text', 'text': '  *'}, {'type': 'text', 'text': 'Scalability:', 'marks': [{'type': 'strong'}]}, {'type': 'text', 'text': '* The integration must be scalable to handle a large volume of transactions.'}]}]}, {'type': 'listItem', 'content': [{'type': 'paragraph', 'content': [{'type': 'text', 'text': '  *'}, {'type': 'text', 'text': 'Monitoring:', 'marks': [{'type': 'strong'}]}, {'type': 'text', 'text': '* Establish monitoring for payment gateway performance, transaction success rates, and error rates using logging systems and other monitoring tools.'}]}]}, {'type': 'listItem', 'content': [{'type': 'paragraph', 'content': [{'type': 'text', 'text': '  *'}, {'type': 'text', 'text': 'Fraud Detection:', 'marks': [{'type': 'strong'}]}, {'type': 'text', 'text': '* Implement Fraud detection mechanisms to prevent unauthorized access or malicious activities during the payment process.'}]}]}, {'type': 'listItem', 'content': [{'type': 'paragraph', 'content': [{'type': 'text', 'text': '  *'}, {'type': 'text', 'text': 'Authentication:', 'marks': [{'type': 'strong'}]}, {'type': 'text', 'text': '* Set up secure authentication mechanisms for webhooks to prevent unauthorized access and ensure secure data transfer.'}]}]}, {'type': 'listItem', 'content': [{'type': 'paragraph', 'content': [{'type': 'text', 'text': '  *'}, {'type': 'text', 'text': 'Reconciliation:', 'marks': [{'type': 'strong'}]}, {'type': 'text', 'text': '* Implement auto reconciliation systems to prevent payment disputes.'}]}]}]}]}",To Do,Medium,Task,2025-06-16T19:16:34.284+0530,2025-06-16T19:16:34.405+0530,,Project Major,[],[],https://projectmajorvd25.atlassian.net/browse/SCRUM-6
10242,SCRUM-5,SCRUM,sample,AI Generated Ticket,"{'type': 'doc', 'version': 1, 'content': [{'type': 'paragraph', 'content': [{'type': 'text', 'text': '```'}]}, {'type': 'orderedList', 'attrs': {'order': 1}, 'content': [{'type': 'listItem', 'content': [{'type': 'paragraph'}, {'type': 'orderedList', 'attrs': {'order': 1}, 'content': [{'type': 'listItem', 'content': [{'type': 'paragraph', 'content': [{'type': 'text', 'text': 'JIRA Ticket'}]}]}]}]}]}, {'type': 'paragraph', 'content': [{'type': 'text', 'text': '*'}, {'type': 'text', 'text': '1. Title:', 'marks': [{'type': 'strong'}]}, {'type': 'text', 'text': '* Update Dark Theme Colors for Homepage Data Visualizations'}]}, {'type': 'paragraph', 'content': [{'type': 'text', 'text': '*'}, {'type': 'text', 'text': '2. Description:', 'marks': [{'type': 'strong'}]}, {'type': 'text', 'text': '*'}]}, {'type': 'paragraph', 'content': [{'type': 'text', 'text': 'The current implementation of the dark theme on the homepage does not adequately address the data visualizations. This ticket aims to adjust the colors used in the charts and graphs to ensure optimal readability and visual appeal within the dark theme.  We need to ensure that the data is easily discernible, the chart elements are clearly defined, and the overall aesthetic is consistent with the intended dark theme design. This task builds upon the existing ""add data visualizations in home page"" ('}, {'type': 'inlineCard', 'attrs': {'url': 'https://projectmajorvd25.atlassian.net/browse/SCRUM-4#icft=SCRUM-4'}}, {'type': 'text', 'text': ') and ""introduce dark theme to the website"" ('}, {'type': 'inlineCard', 'attrs': {'url': 'https://projectmajorvd25.atlassian.net/browse/SCRUM-3#icft=SCRUM-3'}}, {'type': 'text', 'text': ') tickets. It addresses the specific styling requirements of the visualizations when the dark theme is active.'}]}, {'type': 'paragraph', 'content': [{'type': 'text', 'text': '*'}, {'type': 'text', 'text': '3. Acceptance Criteria:', 'marks': [{'type': 'strong'}]}, {'type': 'text', 'text': '*'}]}, {'type': 'bulletList', 'content': [{'type': 'listItem', 'content': [{'type': 'paragraph', 'content': [{'type': 'text', 'text': '  *'}, {'type': 'text', 'text': 'Data Readability:', 'marks': [{'type': 'strong'}]}, {'type': 'text', 'text': '* All data points (lines, bars, areas, text labels) within the visualizations are clearly visible and distinguishable against the dark background.'}]}]}, {'type': 'listItem', 'content': [{'type': 'paragraph', 'content': [{'type': 'text', 'text': '  *'}, {'type': 'text', 'text': 'Color Contrast:', 'marks': [{'type': 'strong'}]}, {'type': 'text', 'text': '* Sufficient color contrast is maintained between chart elements (axes, gridlines, series) and the background to ensure readability.  Accessibility standards (WCAG) regarding color contrast should be considered.'}]}]}, {'type': 'listItem', 'content': [{'type': 'paragraph', 'content': [{'type': 'text', 'text': '  *'}, {'type': 'text', 'text': 'Aesthetic Consistency:', 'marks': [{'type': 'strong'}]}, {'type': 'text', 'text': '* The color palette used for the visualizations aligns with the overall aesthetic of the dark theme and avoids jarring or clashing colors.'}]}]}, {'type': 'listItem', 'content': [{'type': 'paragraph', 'content': [{'type': 'text', 'text': '  *'}, {'type': 'text', 'text': 'Theme Switching:', 'marks': [{'type': 'strong'}]}, {'type': 'text', 'text': '* The color changes are dynamically applied when switching between the light and dark themes. Verification needed when switching back to light theme.'}]}]}, {'type': 'listItem', 'content': [{'type': 'paragraph', 'content': [{'type': 'text', 'text': '  *'}, {'type': 'text', 'text': 'Responsiveness:', 'marks': [{'type': 'strong'}]}, {'type': 'text', 'text': '* The color updates apply correctly across different screen sizes and devices (desktop, tablet, mobile).'}]}]}, {'type': 'listItem', 'content': [{'type': 'paragraph', 'content': [{'type': 'text', 'text': '  *'}, {'type': 'text', 'text': 'Performance:', 'marks': [{'type': 'strong'}]}, {'type': 'text', 'text': '* Changes do not negatively impact the performance of the homepage or the loading time of the visualizations.'}]}]}, {'type': 'listItem', 'content': [{'type': 'paragraph', 'content': [{'type': 'text', 'text': '  *'}, {'type': 'text', 'text': 'Code Quality:', 'marks': [{'type': 'strong'}]}, {'type': 'text', 'text': '* Code changes are well-documented, maintainable, and follow coding best practices.'}]}]}, {'type': 'listItem', 'content': [{'type': 'paragraph', 'content': [{'type': 'text', 'text': '  *'}, {'type': 'text', 'text': 'Visual Sign-off:', 'marks': [{'type': 'strong'}]}, {'type': 'text', 'text': '* The final color scheme is reviewed and approved by the design team.'}]}]}]}, {'type': 'paragraph', 'content': [{'type': 'text', 'text': '*'}, {'type': 'text', 'text': '4. Priority:', 'marks': [{'type': 'strong'}]}, {'type': 'text', 'text': '* Medium'}]}, {'type': 'paragraph', 'content': [{'type': 'text', 'text': 'Reasoning:', 'marks': [{'type': 'strong'}]}, {'type': 'text', 'text': ' While not a critical functionality issue, the current appearance of the visualizations in dark mode can negatively impact the user experience. Addressing this ensures a polished and professional look for the application and improves data accessibility. Also the dark theme is in progress, so it is necessary to complete this task while the person working on dark theme is still focused on it.'}]}, {'type': 'paragraph', 'content': [{'type': 'text', 'text': '*'}, {'type': 'text', 'text': '5. Type:', 'marks': [{'type': 'strong'}]}, {'type': 'text', 'text': '* Task'}]}, {'type': 'paragraph', 'content': [{'type': 'text', 'text': '*'}, {'type': 'text', 'text': '6. Related Work:', 'marks': [{'type': 'strong'}]}, {'type': 'text', 'text': '*'}]}, {'type': 'bulletList', 'content': [{'type': 'listItem', 'content': [{'type': 'paragraph', 'content': [{'type': 'text', 'text': '  '}, {'type': 'inlineCard', 'attrs': {'url': 'https://projectmajorvd25.atlassian.net/browse/SCRUM-4#icft=SCRUM-4'}}, {'type': 'text', 'text': ' add data visualizations in home page: This ticket established the initial implementation of the data visualizations. This ticket focuses on their styling within the dark theme.'}]}]}, {'type': 'listItem', 'content': [{'type': 'paragraph', 'content': [{'type': 'text', 'text': '  '}, {'type': 'inlineCard', 'attrs': {'url': 'https://projectmajorvd25.atlassian.net/browse/SCRUM-3#icft=SCRUM-3'}}, {'type': 'text', 'text': ' introduce dark theme to the website: This ticket established the overall dark theme implementation. This ticket enhances that theme by ensuring the data visualizations are properly styled within it.'}]}]}]}, {'type': 'paragraph', 'content': [{'type': 'text', 'text': '*'}, {'type': 'text', 'text': '7. Technical Considerations:', 'marks': [{'type': 'strong'}]}, {'type': 'text', 'text': '*'}]}, {'type': 'bulletList', 'content': [{'type': 'listItem', 'content': [{'type': 'paragraph', 'content': [{'type': 'text', 'text': '  *'}, {'type': 'text', 'text': 'CSS Variables:', 'marks': [{'type': 'strong'}]}, {'type': 'text', 'text': '* Utilize CSS variables to manage and update the colors dynamically based on the theme. This will simplify maintenance and ensure consistency across the application. Consider using a CSS preprocessor (e.g., Sass) if not already implemented.'}]}]}, {'type': 'listItem', 'content': [{'type': 'paragraph', 'content': [{'type': 'text', 'text': '  *'}, {'type': 'text', 'text': 'JavaScript Logic:', 'marks': [{'type': 'strong'}]}, {'type': 'text', 'text': '*  If needed, JavaScript logic should be implemented to dynamically update the visualization colors based on the current theme state. Libraries like `d3.js`, `Chart.js`, or similar used for the visualization, need to have their color configuration adapted.'}]}]}, {'type': 'listItem', 'content': [{'type': 'paragraph', 'content': [{'type': 'text', 'text': '  *'}, {'type': 'text', 'text': 'Color Palette:', 'marks': [{'type': 'strong'}]}, {'type': 'text', 'text': '* Consult with the design team to determine the appropriate color palette for the visualizations within the dark theme. Consider using a color contrast checker to ensure accessibility.'}]}]}, {'type': 'listItem', 'content': [{'type': 'paragraph', 'content': [{'type': 'text', 'text': '  *'}, {'type': 'text', 'text': 'Visualization Library:', 'marks': [{'type': 'strong'}]}, {'type': 'text', 'text': ""* Understand how the data visualization library (e.g., Chart.js, D3.js) handles theming and color configuration. Utilize the library's features to efficiently update the colors based on the selected theme. Consider if the library allows injecting custom colors or if the current implementation needs to be rewritten in order to support it.""}]}]}, {'type': 'listItem', 'content': [{'type': 'paragraph', 'content': [{'type': 'text', 'text': '  *'}, {'type': 'text', 'text': 'Browser Compatibility:', 'marks': [{'type': 'strong'}]}, {'type': 'text', 'text': '* Test the changes across different browsers (Chrome, Firefox, Safari, Edge) to ensure consistent rendering.'}]}]}, {'type': 'listItem', 'content': [{'type': 'paragraph', 'content': [{'type': 'text', 'text': '  *'}, {'type': 'text', 'text': 'Accessibility:', 'marks': [{'type': 'strong'}]}, {'type': 'text', 'text': '* Check color contrast of visualization elements and make sure text is legible.'}, {'type': 'hardBreak'}, {'type': 'text', 'text': '```'}]}]}]}]}",To Do,Medium,Task,2025-06-16T19:11:09.321+0530,2025-06-16T19:12:59.021+0530,,Project Major,[],[],https://projectmajorvd25.atlassian.net/browse/SCRUM-5
10240,JIR-21,JIR,JIRANEW,Test Internal Network Connectivity,"{'type': 'doc', 'version': 1, 'content': [{'type': 'paragraph', 'content': [{'type': 'text', 'text': ""As a QA Engineer, I want to verify the application's ability to communicate with internal network services.""}]}, {'type': 'paragraph', 'content': [{'type': 'text', 'text': 'Acceptance Criteria:', 'marks': [{'type': 'strong'}]}]}, {'type': 'bulletList', 'content': [{'type': 'listItem', 'content': [{'type': 'paragraph', 'content': [{'type': 'text', 'text': 'Successful communication with the designated internal services.'}]}]}, {'type': 'listItem', 'content': [{'type': 'paragraph', 'content': [{'type': 'text', 'text': 'Appropriate error handling for internal network failures.'}]}]}, {'type': 'listItem', 'content': [{'type': 'paragraph', 'content': [{'type': 'text', 'text': 'Consistent performance within the internal network.'}]}]}]}]}",To Do,Medium,Story,2025-06-16T16:34:54.927+0530,2025-06-16T16:34:54.979+0530,,Project Major,[],[],https://projectmajorvd25.atlassian.net/browse/JIR-21
10239,JIR-20,JIR,JIRANEW,Test Internet Connectivity,"{'type': 'doc', 'version': 1, 'content': [{'type': 'paragraph', 'content': [{'type': 'text', 'text': 'As a QA Engineer, I want to verify that the application can reliably connect to the internet to access external services.'}]}, {'type': 'paragraph', 'content': [{'type': 'text', 'text': 'Acceptance Criteria:', 'marks': [{'type': 'strong'}]}]}, {'type': 'bulletList', 'content': [{'type': 'listItem', 'content': [{'type': 'paragraph', 'content': [{'type': 'text', 'text': 'Successful connection to a known public website.'}]}]}, {'type': 'listItem', 'content': [{'type': 'paragraph', 'content': [{'type': 'text', 'text': 'Appropriate error handling for network disconnections.'}]}]}, {'type': 'listItem', 'content': [{'type': 'paragraph', 'content': [{'type': 'text', 'text': 'Consistent performance across different network conditions (simulated).'}]}]}]}]}",To Do,Medium,Story,2025-06-16T16:34:54.033+0530,2025-06-16T16:34:54.109+0530,,Project Major,[],[],https://projectmajorvd25.atlassian.net/browse/JIR-20
10238,JIR-19,JIR,JIRANEW,Network Connectivity Tests,"{'type': 'doc', 'version': 1, 'content': [{'type': 'paragraph', 'content': [{'type': 'text', 'text': 'Ensure the application can reliably access external resources and the internet.'}]}]}",To Do,Medium,Epic,2025-06-16T16:34:53.054+0530,2025-06-16T16:34:53.124+0530,,Project Major,[],[],https://projectmajorvd25.atlassian.net/browse/JIR-19
10237,JIR-18,JIR,JIRANEW,Test Product Data API,"{'type': 'doc', 'version': 1, 'content': [{'type': 'paragraph', 'content': [{'type': 'text', 'text': 'As a QA Engineer, I want to test the API that retrieves product data to ensure accurate and complete data retrieval.'}]}, {'type': 'paragraph', 'content': [{'type': 'text', 'text': 'Acceptance Criteria:', 'marks': [{'type': 'strong'}]}]}, {'type': 'bulletList', 'content': [{'type': 'listItem', 'content': [{'type': 'paragraph', 'content': [{'type': 'text', 'text': 'API returns all expected product fields.'}]}]}, {'type': 'listItem', 'content': [{'type': 'paragraph', 'content': [{'type': 'text', 'text': 'Data returned is consistent with the database.'}]}]}, {'type': 'listItem', 'content': [{'type': 'paragraph', 'content': [{'type': 'text', 'text': 'Appropriate error handling for API failures is present.'}]}]}, {'type': 'listItem', 'content': [{'type': 'paragraph', 'content': [{'type': 'text', 'text': 'Pagination works correctly for large datasets.'}]}]}]}]}",To Do,Medium,Story,2025-06-16T16:34:52.220+0530,2025-06-16T16:34:52.275+0530,,Project Major,[],[],https://projectmajorvd25.atlassian.net/browse/JIR-18
10236,JIR-17,JIR,JIRANEW,Test User Authentication API,"{'type': 'doc', 'version': 1, 'content': [{'type': 'paragraph', 'content': [{'type': 'text', 'text': 'As a QA Engineer, I want to test the user authentication API endpoints to ensure secure and reliable user login and logout functionality.'}]}, {'type': 'paragraph', 'content': [{'type': 'text', 'text': 'Acceptance Criteria:', 'marks': [{'type': 'strong'}]}]}, {'type': 'bulletList', 'content': [{'type': 'listItem', 'content': [{'type': 'paragraph', 'content': [{'type': 'text', 'text': 'Successful login with valid credentials returns a 200 OK status code.'}]}]}, {'type': 'listItem', 'content': [{'type': 'paragraph', 'content': [{'type': 'text', 'text': 'Login with invalid credentials returns a 401 Unauthorized status code.'}]}]}, {'type': 'listItem', 'content': [{'type': 'paragraph', 'content': [{'type': 'text', 'text': 'Successful logout clears session data.'}]}]}, {'type': 'listItem', 'content': [{'type': 'paragraph', 'content': [{'type': 'text', 'text': 'Appropriate error messages are displayed for failed login attempts.'}]}]}]}]}",To Do,Medium,Story,2025-06-16T16:34:51.388+0530,2025-06-16T16:34:51.451+0530,,Project Major,[],[],https://projectmajorvd25.atlassian.net/browse/JIR-17
10235,JIR-16,JIR,JIRANEW,API Connectivity Tests,"{'type': 'doc', 'version': 1, 'content': [{'type': 'paragraph', 'content': [{'type': 'text', 'text': 'Verify successful communication with all relevant APIs.'}]}]}",To Do,Medium,Epic,2025-06-16T16:34:50.581+0530,2025-06-16T16:34:50.624+0530,,Project Major,[],[],https://projectmajorvd25.atlassian.net/browse/JIR-16
10234,JIR-15,JIR,JIRANEW,Test Database Write Operations,"{'type': 'doc', 'version': 1, 'content': [{'type': 'paragraph', 'content': [{'type': 'text', 'text': 'As a QA Engineer, I want to verify that the application can successfully write data to the database so that data persistence functions as expected.'}]}, {'type': 'paragraph', 'content': [{'type': 'text', 'text': 'Acceptance Criteria:', 'marks': [{'type': 'strong'}]}]}, {'type': 'bulletList', 'content': [{'type': 'listItem', 'content': [{'type': 'paragraph', 'content': [{'type': 'text', 'text': 'A sample query (e.g., inserting a new user) executes successfully.'}]}]}, {'type': 'listItem', 'content': [{'type': 'paragraph', 'content': [{'type': 'text', 'text': 'The inserted data is correctly stored in the database.'}]}]}, {'type': 'listItem', 'content': [{'type': 'paragraph', 'content': [{'type': 'text', 'text': 'Error handling for failed insertions is implemented and tested.'}]}]}, {'type': 'listItem', 'content': [{'type': 'paragraph', 'content': [{'type': 'text', 'text': 'Data integrity is maintained after write operations.'}]}]}]}]}",To Do,Medium,Story,2025-06-16T16:34:49.809+0530,2025-06-16T16:34:49.864+0530,,Project Major,[],[],https://projectmajorvd25.atlassian.net/browse/JIR-15
10233,JIR-14,JIR,JIRANEW,Test Database Read Operations,"{'type': 'doc', 'version': 1, 'content': [{'type': 'paragraph', 'content': [{'type': 'text', 'text': 'As a QA Engineer, I want to verify that the application can successfully read data from the database so that application functionality relying on data retrieval works correctly.'}]}, {'type': 'paragraph', 'content': [{'type': 'text', 'text': 'Acceptance Criteria:', 'marks': [{'type': 'strong'}]}]}, {'type': 'bulletList', 'content': [{'type': 'listItem', 'content': [{'type': 'paragraph', 'content': [{'type': 'text', 'text': 'A sample query (e.g., retrieving a list of users) executes successfully.'}]}]}, {'type': 'listItem', 'content': [{'type': 'paragraph', 'content': [{'type': 'text', 'text': 'The retrieved data matches the expected data in the database.'}]}]}, {'type': 'listItem', 'content': [{'type': 'paragraph', 'content': [{'type': 'text', 'text': 'Error handling for failed queries is implemented and tested.'}]}]}]}]}",To Do,Medium,Story,2025-06-16T16:34:48.975+0530,2025-06-16T16:34:49.047+0530,,Project Major,[],[],https://projectmajorvd25.atlassian.net/browse/JIR-14
10232,JIR-13,JIR,JIRANEW,Database Connectivity Tests,"{'type': 'doc', 'version': 1, 'content': [{'type': 'paragraph', 'content': [{'type': 'text', 'text': 'Ensure robust and reliable connection to the primary database.'}]}]}",To Do,Medium,Epic,2025-06-16T16:34:47.903+0530,2025-06-16T16:34:48.011+0530,,Project Major,[],[],https://projectmajorvd25.atlassian.net/browse/JIR-13
10231,NJ-11,NJ,new-jirasample,Track Ticket Sales,"{'type': 'doc', 'version': 1, 'content': [{'type': 'paragraph', 'content': [{'type': 'text', 'text': 'As an event organizer, I want to track my ticket sales and download attendee lists so that I can monitor event performance and manage attendees.'}]}, {'type': 'paragraph', 'content': [{'type': 'text', 'text': 'Acceptance Criteria:', 'marks': [{'type': 'strong'}]}]}, {'type': 'bulletList', 'content': [{'type': 'listItem', 'content': [{'type': 'paragraph', 'content': [{'type': 'text', 'text': 'Real-time ticket sales data is displayed.'}]}]}, {'type': 'listItem', 'content': [{'type': 'paragraph', 'content': [{'type': 'text', 'text': 'Option to download attendee lists in CSV or other suitable format.'}]}]}, {'type': 'listItem', 'content': [{'type': 'paragraph', 'content': [{'type': 'text', 'text': 'Sales data is accurate and up-to-date.'}]}]}, {'type': 'listItem', 'content': [{'type': 'paragraph', 'content': [{'type': 'text', 'text': 'Data export functionality generates reports in required formats.'}]}]}, {'type': 'listItem', 'content': [{'type': 'paragraph', 'content': [{'type': 'text', 'text': 'Proper handling of large attendee lists.'}]}]}]}]}",To Do,Medium,Story,2025-06-16T14:18:59.896+0530,2025-06-16T14:18:59.972+0530,,Project Major,[],[],https://projectmajorvd25.atlassian.net/browse/NJ-11
10230,NJ-10,NJ,new-jirasample,Create and Manage Events,"{'type': 'doc', 'version': 1, 'content': [{'type': 'paragraph', 'content': [{'type': 'text', 'text': 'As an event organizer, I want to create, edit, and delete events so that I can manage my event listings.'}]}, {'type': 'paragraph', 'content': [{'type': 'text', 'text': 'Acceptance Criteria:', 'marks': [{'type': 'strong'}]}]}, {'type': 'bulletList', 'content': [{'type': 'listItem', 'content': [{'type': 'paragraph', 'content': [{'type': 'text', 'text': 'Organizer can create new events with all necessary details.'}]}]}, {'type': 'listItem', 'content': [{'type': 'paragraph', 'content': [{'type': 'text', 'text': 'Organizer can edit existing event details.'}]}]}, {'type': 'listItem', 'content': [{'type': 'paragraph', 'content': [{'type': 'text', 'text': 'Organizer can delete events.'}]}]}, {'type': 'listItem', 'content': [{'type': 'paragraph', 'content': [{'type': 'text', 'text': 'Event details are validated upon creation and update.'}]}]}, {'type': 'listItem', 'content': [{'type': 'paragraph', 'content': [{'type': 'text', 'text': 'Soft delete functionality for events'}]}]}]}]}",To Do,Medium,Story,2025-06-16T14:18:58.299+0530,2025-06-16T14:18:58.354+0530,,Project Major,[],[],https://projectmajorvd25.atlassian.net/browse/NJ-10
10229,NJ-9,NJ,new-jirasample,Event Organizer Features,"{'type': 'doc', 'version': 1, 'content': [{'type': 'paragraph', 'content': [{'type': 'text', 'text': 'Enable event organizers to manage their events efficiently.'}]}]}",To Do,Medium,Epic,2025-06-16T14:18:56.715+0530,2025-06-16T14:18:56.786+0530,,Project Major,[],[],https://projectmajorvd25.atlassian.net/browse/NJ-9
10228,NJ-8,NJ,new-jirasample,Booking Confirmation,"{'type': 'doc', 'version': 1, 'content': [{'type': 'paragraph', 'content': [{'type': 'text', 'text': 'As a user, I want to receive email/SMS confirmation and downloadable e-tickets after completing a booking so that I have proof of purchase and easy access to my tickets.'}]}, {'type': 'paragraph', 'content': [{'type': 'text', 'text': 'Acceptance Criteria:', 'marks': [{'type': 'strong'}]}]}, {'type': 'bulletList', 'content': [{'type': 'listItem', 'content': [{'type': 'paragraph', 'content': [{'type': 'text', 'text': 'Email confirmation is sent immediately after successful payment.'}]}]}, {'type': 'listItem', 'content': [{'type': 'paragraph', 'content': [{'type': 'text', 'text': 'Email includes order summary, ticket details, and a link to downloadable tickets.'}]}]}, {'type': 'listItem', 'content': [{'type': 'paragraph', 'content': [{'type': 'text', 'text': 'Downloadable PDF e-tickets are generated.'}]}]}, {'type': 'listItem', 'content': [{'type': 'paragraph', 'content': [{'type': 'text', 'text': 'SMS confirmation is sent as a backup.'}]}]}, {'type': 'listItem', 'content': [{'type': 'paragraph', 'content': [{'type': 'text', 'text': 'Error handling for confirmation email and SMS failure.'}]}]}]}]}",To Do,Medium,Story,2025-06-16T14:18:55.091+0530,2025-06-16T14:18:55.142+0530,,Project Major,[],[],https://projectmajorvd25.atlassian.net/browse/NJ-8
10227,NJ-7,NJ,new-jirasample,Ticket Booking,"{'type': 'doc', 'version': 1, 'content': [{'type': 'paragraph', 'content': [{'type': 'text', 'text': 'As a user, I want to select tickets and proceed to checkout so that I can purchase tickets for the events I want to attend.'}]}, {'type': 'paragraph', 'content': [{'type': 'text', 'text': 'Acceptance Criteria:', 'marks': [{'type': 'strong'}]}]}, {'type': 'bulletList', 'content': [{'type': 'listItem', 'content': [{'type': 'paragraph', 'content': [{'type': 'text', 'text': 'Users can select ticket quantities for different ticket types.'}]}]}, {'type': 'listItem', 'content': [{'type': 'paragraph', 'content': [{'type': 'text', 'text': 'Cart functionality allows adding and removing tickets.'}]}]}, {'type': 'listItem', 'content': [{'type': 'paragraph', 'content': [{'type': 'text', 'text': 'Checkout process is clear and straightforward.'}]}]}, {'type': 'listItem', 'content': [{'type': 'paragraph', 'content': [{'type': 'text', 'text': 'Payment gateway integration works correctly.'}]}]}, {'type': 'listItem', 'content': [{'type': 'paragraph', 'content': [{'type': 'text', 'text': 'Error handling during ticket selection and checkout.'}]}]}]}]}",To Do,Medium,Story,2025-06-16T14:18:53.416+0530,2025-06-16T14:18:53.486+0530,,Project Major,[],[],https://projectmajorvd25.atlassian.net/browse/NJ-7
10226,NJ-6,NJ,new-jirasample,Event Search and Filtering,"{'type': 'doc', 'version': 1, 'content': [{'type': 'paragraph', 'content': [{'type': 'text', 'text': 'As a user, I want to search and filter events by category, location, date, and price so that I can find events that match my interests.'}]}, {'type': 'paragraph', 'content': [{'type': 'text', 'text': 'Acceptance Criteria:', 'marks': [{'type': 'strong'}]}]}, {'type': 'bulletList', 'content': [{'type': 'listItem', 'content': [{'type': 'paragraph', 'content': [{'type': 'text', 'text': 'Search functionality returns relevant results.'}]}]}, {'type': 'listItem', 'content': [{'type': 'paragraph', 'content': [{'type': 'text', 'text': 'Filtering options work correctly.'}]}]}, {'type': 'listItem', 'content': [{'type': 'paragraph', 'content': [{'type': 'text', 'text': 'Results are displayed clearly and concisely.'}]}]}, {'type': 'listItem', 'content': [{'type': 'paragraph', 'content': [{'type': 'text', 'text': 'Pagination is implemented for large result sets.'}]}]}, {'type': 'listItem', 'content': [{'type': 'paragraph', 'content': [{'type': 'text', 'text': 'Handles invalid search terms gracefully.'}]}]}]}]}",To Do,Medium,Story,2025-06-16T14:18:51.700+0530,2025-06-16T14:18:51.784+0530,,Project Major,[],[],https://projectmajorvd25.atlassian.net/browse/NJ-6
10225,NJ-5,NJ,new-jirasample,Event Discovery and Booking,"{'type': 'doc', 'version': 1, 'content': [{'type': 'paragraph', 'content': [{'type': 'text', 'text': 'Allow users to easily find and book events.'}]}]}",To Do,Medium,Epic,2025-06-16T14:18:49.994+0530,2025-06-16T14:18:50.060+0530,,Project Major,[],[],https://projectmajorvd25.atlassian.net/browse/NJ-5
10224,NJ-4,NJ,new-jirasample,Profile Management,"{'type': 'doc', 'version': 1, 'content': [{'type': 'paragraph', 'content': [{'type': 'text', 'text': 'As a registered user, I want to update my personal information and view my booking history so that I can maintain accurate details and track my events.'}]}, {'type': 'paragraph', 'content': [{'type': 'text', 'text': 'Acceptance Criteria:', 'marks': [{'type': 'strong'}]}]}, {'type': 'bulletList', 'content': [{'type': 'listItem', 'content': [{'type': 'paragraph', 'content': [{'type': 'text', 'text': 'User can update their name, email, and other relevant details.'}]}]}, {'type': 'listItem', 'content': [{'type': 'paragraph', 'content': [{'type': 'text', 'text': 'Booking history is displayed chronologically.'}]}]}, {'type': 'listItem', 'content': [{'type': 'paragraph', 'content': [{'type': 'text', 'text': 'Update profile information functionality is handled with error checks.'}]}]}, {'type': 'listItem', 'content': [{'type': 'paragraph', 'content': [{'type': 'text', 'text': 'Data is saved correctly and displayed.'}]}]}, {'type': 'listItem', 'content': [{'type': 'paragraph', 'content': [{'type': 'text', 'text': 'User can download their booking history'}]}]}]}]}",To Do,Medium,Story,2025-06-16T14:18:48.282+0530,2025-06-16T14:18:48.369+0530,,Project Major,[],[],https://projectmajorvd25.atlassian.net/browse/NJ-4
10223,NJ-3,NJ,new-jirasample,User Login,"{'type': 'doc', 'version': 1, 'content': [{'type': 'paragraph', 'content': [{'type': 'text', 'text': 'As a registered user, I want to securely log in to my account so that I can access my profile and bookings.'}]}, {'type': 'paragraph', 'content': [{'type': 'text', 'text': 'Acceptance Criteria:', 'marks': [{'type': 'strong'}]}]}, {'type': 'bulletList', 'content': [{'type': 'listItem', 'content': [{'type': 'paragraph', 'content': [{'type': 'text', 'text': 'Successful login with valid credentials.'}]}]}, {'type': 'listItem', 'content': [{'type': 'paragraph', 'content': [{'type': 'text', 'text': 'Password reset functionality works correctly.'}]}]}, {'type': 'listItem', 'content': [{'type': 'paragraph', 'content': [{'type': 'text', 'text': 'Account lockout mechanism for multiple failed login attempts.'}]}]}, {'type': 'listItem', 'content': [{'type': 'paragraph', 'content': [{'type': 'text', 'text': 'Secure password storage and handling.'}]}]}, {'type': 'listItem', 'content': [{'type': 'paragraph', 'content': [{'type': 'text', 'text': 'Remember me functionality is secure and works.'}]}]}]}]}",To Do,Medium,Story,2025-06-16T14:18:46.590+0530,2025-06-16T14:18:46.662+0530,,Project Major,[],[],https://projectmajorvd25.atlassian.net/browse/NJ-3
10222,NJ-2,NJ,new-jirasample,User Registration,"{'type': 'doc', 'version': 1, 'content': [{'type': 'paragraph', 'content': [{'type': 'text', 'text': 'As a new user, I want to register an account using email or social logins so that I can easily access the platform.'}]}, {'type': 'paragraph', 'content': [{'type': 'text', 'text': 'Acceptance Criteria:', 'marks': [{'type': 'strong'}]}]}, {'type': 'bulletList', 'content': [{'type': 'listItem', 'content': [{'type': 'paragraph', 'content': [{'type': 'text', 'text': 'Successful registration via email.'}]}]}, {'type': 'listItem', 'content': [{'type': 'paragraph', 'content': [{'type': 'text', 'text': 'Successful registration via Facebook/Google login.'}]}]}, {'type': 'listItem', 'content': [{'type': 'paragraph', 'content': [{'type': 'text', 'text': 'Confirmation email is sent upon successful registration.'}]}]}, {'type': 'listItem', 'content': [{'type': 'paragraph', 'content': [{'type': 'text', 'text': 'Duplicate email/social login prevention is in place.'}]}]}, {'type': 'listItem', 'content': [{'type': 'paragraph', 'content': [{'type': 'text', 'text': 'Registration form handles validation appropriately.'}]}]}]}]}",To Do,Medium,Story,2025-06-16T14:18:44.798+0530,2025-06-16T14:18:44.875+0530,,Project Major,[],[],https://projectmajorvd25.atlassian.net/browse/NJ-2
10221,NJ-1,NJ,new-jirasample,User Account Management,"{'type': 'doc', 'version': 1, 'content': [{'type': 'paragraph', 'content': [{'type': 'text', 'text': 'Enable users to create, manage, and securely access their accounts.'}]}]}",To Do,Medium,Epic,2025-06-16T14:18:43.212+0530,2025-06-16T14:18:43.268+0530,,Project Major,[],[],https://projectmajorvd25.atlassian.net/browse/NJ-1
10220,JIR-12,JIR,JIRANEW,Admin User Management,"{'type': 'doc', 'version': 1, 'content': [{'type': 'paragraph', 'content': [{'type': 'text', 'text': 'As a system administrator, I want to be able to manage all users on the platform (e.g., create, edit, delete, block users) so that I can maintain the integrity of the platform.'}]}, {'type': 'paragraph', 'content': [{'type': 'text', 'text': 'Acceptance Criteria:', 'marks': [{'type': 'strong'}]}]}, {'type': 'bulletList', 'content': [{'type': 'listItem', 'content': [{'type': 'paragraph', 'content': [{'type': 'text', 'text': 'Admin can view a list of all users.'}]}]}, {'type': 'listItem', 'content': [{'type': 'paragraph', 'content': [{'type': 'text', 'text': 'Admin can create new users with different roles (e.g., organizer, admin).'}]}]}, {'type': 'listItem', 'content': [{'type': 'paragraph', 'content': [{'type': 'text', 'text': 'Admin can edit user details (e.g., email, role).'}]}]}, {'type': 'listItem', 'content': [{'type': 'paragraph', 'content': [{'type': 'text', 'text': 'Admin can delete users.'}]}]}, {'type': 'listItem', 'content': [{'type': 'paragraph', 'content': [{'type': 'text', 'text': 'Admin can block users.'}]}]}]}]}",To Do,Medium,Story,2025-06-16T11:39:40.635+0530,2025-06-16T11:39:40.692+0530,,Project Major,[],[],https://projectmajorvd25.atlassian.net/browse/JIR-12
10219,JIR-11,JIR,JIRANEW,Admin Dashboard,"{'type': 'doc', 'version': 1, 'content': [{'type': 'paragraph', 'content': [{'type': 'text', 'text': 'Provide administrative tools for managing users, events, and generating reports.'}]}]}",To Do,Medium,Epic,2025-06-16T11:39:39.241+0530,2025-06-16T11:39:39.312+0530,,Project Major,[],[],https://projectmajorvd25.atlassian.net/browse/JIR-11
10218,JIR-10,JIR,JIRANEW,Manage Events,"{'type': 'doc', 'version': 1, 'content': [{'type': 'paragraph', 'content': [{'type': 'text', 'text': 'As an event organizer, I want to be able to edit and delete my created events so that I can maintain accurate information and remove outdated events.'}]}, {'type': 'paragraph', 'content': [{'type': 'text', 'text': 'Acceptance Criteria:', 'marks': [{'type': 'strong'}]}]}, {'type': 'bulletList', 'content': [{'type': 'listItem', 'content': [{'type': 'paragraph', 'content': [{'type': 'text', 'text': 'Organizers can edit event details (title, description, date, time, location, ticket types).'}]}]}, {'type': 'listItem', 'content': [{'type': 'paragraph', 'content': [{'type': 'text', 'text': 'Organizers can delete events.'}]}]}, {'type': 'listItem', 'content': [{'type': 'paragraph', 'content': [{'type': 'text', 'text': 'Deleting an event removes it from the platform.'}]}]}, {'type': 'listItem', 'content': [{'type': 'paragraph', 'content': [{'type': 'text', 'text': 'Changes are reflected on the platform immediately.'}]}]}, {'type': 'listItem', 'content': [{'type': 'paragraph', 'content': [{'type': 'text', 'text': 'Appropriate authorization checks are in place.'}]}]}]}]}",To Do,Medium,Story,2025-06-16T11:39:37.945+0530,2025-06-16T11:39:37.999+0530,,Project Major,[],[],https://projectmajorvd25.atlassian.net/browse/JIR-10
10217,JIR-9,JIR,JIRANEW,Create Event,"{'type': 'doc', 'version': 1, 'content': [{'type': 'paragraph', 'content': [{'type': 'text', 'text': 'As an event organizer, I want to be able to create and publish new events on the platform so that I can promote and sell tickets to my events.'}]}, {'type': 'paragraph', 'content': [{'type': 'text', 'text': 'Acceptance Criteria:', 'marks': [{'type': 'strong'}]}]}, {'type': 'bulletList', 'content': [{'type': 'listItem', 'content': [{'type': 'paragraph', 'content': [{'type': 'text', 'text': 'Organizers can create events with all necessary details (title, description, date, time, location, ticket types).'}]}]}, {'type': 'listItem', 'content': [{'type': 'paragraph', 'content': [{'type': 'text', 'text': 'Organizers can upload event images and other media.'}]}]}, {'type': 'listItem', 'content': [{'type': 'paragraph', 'content': [{'type': 'text', 'text': 'Events are displayed correctly on the platform after publishing.'}]}]}, {'type': 'listItem', 'content': [{'type': 'paragraph', 'content': [{'type': 'text', 'text': 'Events can be set to specific date ranges.'}]}]}, {'type': 'listItem', 'content': [{'type': 'paragraph', 'content': [{'type': 'text', 'text': 'Organizers receive a confirmation after event creation.'}]}]}]}]}",To Do,Medium,Story,2025-06-16T11:39:36.593+0530,2025-06-16T11:39:36.668+0530,,Project Major,[],[],https://projectmajorvd25.atlassian.net/browse/JIR-9
10216,JIR-8,JIR,JIRANEW,Organizer Tools,"{'type': 'doc', 'version': 1, 'content': [{'type': 'paragraph', 'content': [{'type': 'text', 'text': 'Enable event organizers to create, manage, and track their events.'}]}]}",To Do,Medium,Epic,2025-06-16T11:39:35.268+0530,2025-06-16T11:39:35.319+0530,,Project Major,[],[],https://projectmajorvd25.atlassian.net/browse/JIR-8
10215,JIR-7,JIR,JIRANEW,Ticket Booking and Payment,"{'type': 'doc', 'version': 1, 'content': [{'type': 'paragraph', 'content': [{'type': 'text', 'text': 'As a user, I want to be able to select tickets, proceed to checkout, and make secure payments using integrated payment gateways so that I can successfully book my event tickets.'}]}, {'type': 'paragraph', 'content': [{'type': 'text', 'text': 'Acceptance Criteria:', 'marks': [{'type': 'strong'}]}]}, {'type': 'bulletList', 'content': [{'type': 'listItem', 'content': [{'type': 'paragraph', 'content': [{'type': 'text', 'text': 'Users can select available tickets for an event.'}]}]}, {'type': 'listItem', 'content': [{'type': 'paragraph', 'content': [{'type': 'text', 'text': 'Checkout process is clear and easy to follow.'}]}]}, {'type': 'listItem', 'content': [{'type': 'paragraph', 'content': [{'type': 'text', 'text': 'Secure payment integration with Stripe and Razorpay works correctly.'}]}]}, {'type': 'listItem', 'content': [{'type': 'paragraph', 'content': [{'type': 'text', 'text': 'Users receive a confirmation email with ticket details.'}]}]}, {'type': 'listItem', 'content': [{'type': 'paragraph', 'content': [{'type': 'text', 'text': 'Error messages are displayed for invalid transactions.'}]}]}]}]}",To Do,Medium,Story,2025-06-16T11:39:33.969+0530,2025-06-16T11:39:34.020+0530,,Project Major,[],[],https://projectmajorvd25.atlassian.net/browse/JIR-7
10214,JIR-6,JIR,JIRANEW,Event Search and Filtering,"{'type': 'doc', 'version': 1, 'content': [{'type': 'paragraph', 'content': [{'type': 'text', 'text': 'As a user, I want to be able to search and filter events by category, location, date, and price so that I can easily find events that interest me.'}]}, {'type': 'paragraph', 'content': [{'type': 'text', 'text': 'Acceptance Criteria:', 'marks': [{'type': 'strong'}]}]}, {'type': 'bulletList', 'content': [{'type': 'listItem', 'content': [{'type': 'paragraph', 'content': [{'type': 'text', 'text': 'Search functionality works correctly for keywords in event titles and descriptions.'}]}]}, {'type': 'listItem', 'content': [{'type': 'paragraph', 'content': [{'type': 'text', 'text': 'Filtering by category, location, date range, and price works correctly.'}]}]}, {'type': 'listItem', 'content': [{'type': 'paragraph', 'content': [{'type': 'text', 'text': 'Results are displayed in a user-friendly manner.'}]}]}, {'type': 'listItem', 'content': [{'type': 'paragraph', 'content': [{'type': 'text', 'text': 'Sorting options are available (e.g., by date, popularity).'}]}]}, {'type': 'listItem', 'content': [{'type': 'paragraph', 'content': [{'type': 'text', 'text': 'Pagination is implemented for large result sets.'}]}]}]}]}",To Do,Medium,Story,2025-06-16T11:39:32.325+0530,2025-06-16T11:39:32.441+0530,,Project Major,[],[],https://projectmajorvd25.atlassian.net/browse/JIR-6
10213,JIR-5,JIR,JIRANEW,Event Discovery and Booking,"{'type': 'doc', 'version': 1, 'content': [{'type': 'paragraph', 'content': [{'type': 'text', 'text': 'Implement event search, filtering, viewing details, and booking functionality.'}]}]}",To Do,Medium,Epic,2025-06-16T11:39:30.633+0530,2025-06-16T11:39:30.696+0530,,Project Major,[],[],https://projectmajorvd25.atlassian.net/browse/JIR-5
10212,JIR-4,JIR,JIRANEW,Password Reset,"{'type': 'doc', 'version': 1, 'content': [{'type': 'paragraph', 'content': [{'type': 'text', 'text': 'As a registered user, I want to be able to reset my password via email if I forget it so that I can regain access to my account.'}]}, {'type': 'paragraph', 'content': [{'type': 'text', 'text': 'Acceptance Criteria:', 'marks': [{'type': 'strong'}]}]}, {'type': 'bulletList', 'content': [{'type': 'listItem', 'content': [{'type': 'paragraph', 'content': [{'type': 'text', 'text': 'User receives a password reset link via email.'}]}]}, {'type': 'listItem', 'content': [{'type': 'paragraph', 'content': [{'type': 'text', 'text': 'User can reset their password using the link.'}]}]}, {'type': 'listItem', 'content': [{'type': 'paragraph', 'content': [{'type': 'text', 'text': 'The new password meets complexity requirements.'}]}]}, {'type': 'listItem', 'content': [{'type': 'paragraph', 'content': [{'type': 'text', 'text': 'System sends a confirmation email after successful password reset.'}]}]}, {'type': 'listItem', 'content': [{'type': 'paragraph', 'content': [{'type': 'text', 'text': 'Error handling is implemented for invalid requests.'}]}]}]}]}",To Do,Medium,Story,2025-06-16T11:39:29.075+0530,2025-06-16T11:39:29.151+0530,,Project Major,[],[],https://projectmajorvd25.atlassian.net/browse/JIR-4
10211,JIR-3,JIR,JIRANEW,User Login,"{'type': 'doc', 'version': 1, 'content': [{'type': 'paragraph', 'content': [{'type': 'text', 'text': 'As a registered user, I want to be able to log in to my account securely using my email address and password so that I can access my profile and manage my bookings.'}]}, {'type': 'paragraph', 'content': [{'type': 'text', 'text': 'Acceptance Criteria:', 'marks': [{'type': 'strong'}]}]}, {'type': 'bulletList', 'content': [{'type': 'listItem', 'content': [{'type': 'paragraph', 'content': [{'type': 'text', 'text': 'User can log in using correct credentials.'}]}]}, {'type': 'listItem', 'content': [{'type': 'paragraph', 'content': [{'type': 'text', 'text': 'System prevents login attempts with incorrect credentials.'}]}]}, {'type': 'listItem', 'content': [{'type': 'paragraph', 'content': [{'type': 'text', 'text': 'Password complexity requirements are enforced.'}]}]}, {'type': 'listItem', 'content': [{'type': 'paragraph', 'content': [{'type': 'text', 'text': ""A 'remember me' option is available.""}]}]}, {'type': 'listItem', 'content': [{'type': 'paragraph', 'content': [{'type': 'text', 'text': 'User is redirected to their profile after successful login.'}]}]}]}]}",To Do,Medium,Story,2025-06-16T11:39:27.582+0530,2025-06-16T11:39:27.652+0530,,Project Major,[],[],https://projectmajorvd25.atlassian.net/browse/JIR-3
10210,JIR-2,JIR,JIRANEW,User Registration,"{'type': 'doc', 'version': 1, 'content': [{'type': 'paragraph', 'content': [{'type': 'text', 'text': 'As a new user, I want to be able to register an account using my email address or social media logins so that I can access the platform and book events.'}]}, {'type': 'paragraph', 'content': [{'type': 'text', 'text': 'Acceptance Criteria:', 'marks': [{'type': 'strong'}]}]}, {'type': 'bulletList', 'content': [{'type': 'listItem', 'content': [{'type': 'paragraph', 'content': [{'type': 'text', 'text': 'User can register successfully using a valid email address.'}]}]}, {'type': 'listItem', 'content': [{'type': 'paragraph', 'content': [{'type': 'text', 'text': 'User can register successfully using a supported social login (e.g., Google, Facebook).'}]}]}, {'type': 'listItem', 'content': [{'type': 'paragraph', 'content': [{'type': 'text', 'text': 'A confirmation email is sent to the registered email address.'}]}]}, {'type': 'listItem', 'content': [{'type': 'paragraph', 'content': [{'type': 'text', 'text': 'Duplicate email registrations are prevented.'}]}]}, {'type': 'listItem', 'content': [{'type': 'paragraph', 'content': [{'type': 'text', 'text': 'Error messages are displayed for invalid inputs.'}]}]}]}]}",To Do,Medium,Story,2025-06-16T11:39:25.907+0530,2025-06-16T11:39:25.965+0530,,Project Major,[],[],https://projectmajorvd25.atlassian.net/browse/JIR-2
10209,JIR-1,JIR,JIRANEW,User Management,"{'type': 'doc', 'version': 1, 'content': [{'type': 'paragraph', 'content': [{'type': 'text', 'text': 'Implement user registration, login, profile management, and password reset functionality.'}]}]}",To Do,Medium,Epic,2025-06-16T11:39:24.146+0530,2025-06-16T11:39:24.309+0530,,Project Major,[],[],https://projectmajorvd25.atlassian.net/browse/JIR-1
10167,TES-4,TES,testing,Book Event Tickets,"{'type': 'doc', 'version': 1, 'content': [{'type': 'paragraph', 'content': [{'type': 'text', 'text': 'As a user, I want to be able to select tickets and complete the booking process so that I can attend the event.'}]}, {'type': 'paragraph', 'content': [{'type': 'text', 'text': 'Acceptance Criteria:', 'marks': [{'type': 'strong'}]}]}, {'type': 'bulletList', 'content': [{'type': 'listItem', 'content': [{'type': 'paragraph', 'content': [{'type': 'text', 'text': 'User can select the number of tickets.'}]}]}, {'type': 'listItem', 'content': [{'type': 'paragraph', 'content': [{'type': 'text', 'text': 'User can view pricing and seat information (if applicable).'}]}]}, {'type': 'listItem', 'content': [{'type': 'paragraph', 'content': [{'type': 'text', 'text': 'Secure payment gateway integration is functional.'}]}]}, {'type': 'listItem', 'content': [{'type': 'paragraph', 'content': [{'type': 'text', 'text': ""Order confirmation is displayed and sent to the user's email.""}]}]}, {'type': 'listItem', 'content': [{'type': 'paragraph', 'content': [{'type': 'text', 'text': 'E-ticket with QR code is generated and accessible to the user.'}]}]}]}]}",To Do,Medium,Story,2025-06-14T17:03:45.958+0530,2025-06-14T17:03:46.003+0530,,Project Major,[],[],https://projectmajorvd25.atlassian.net/browse/TES-4
10166,TES-3,TES,testing,Search Events by Keyword,"{'type': 'doc', 'version': 1, 'content': [{'type': 'paragraph', 'content': [{'type': 'text', 'text': 'As a user, I want to search for events using keywords (event name, performer, category) so that I can quickly find relevant events.'}]}, {'type': 'paragraph', 'content': [{'type': 'text', 'text': 'Acceptance Criteria:', 'marks': [{'type': 'strong'}]}]}, {'type': 'bulletList', 'content': [{'type': 'listItem', 'content': [{'type': 'paragraph', 'content': [{'type': 'text', 'text': 'Search functionality supports partial matches and multiple keywords.'}]}]}, {'type': 'listItem', 'content': [{'type': 'paragraph', 'content': [{'type': 'text', 'text': 'Results are displayed with relevant information (title, date, location).'}]}]}, {'type': 'listItem', 'content': [{'type': 'paragraph', 'content': [{'type': 'text', 'text': 'Results are ranked by relevance.'}]}]}, {'type': 'listItem', 'content': [{'type': 'paragraph', 'content': [{'type': 'text', 'text': 'Option to filter search results by date and category.'}]}]}, {'type': 'listItem', 'content': [{'type': 'paragraph', 'content': [{'type': 'text', 'text': 'Appropriate message if no events match the search criteria.'}]}]}]}]}",To Do,Medium,Story,2025-06-14T17:03:44.735+0530,2025-06-14T17:03:44.784+0530,,Project Major,[],[],https://projectmajorvd25.atlassian.net/browse/TES-3
10165,TES-2,TES,testing,Browse Events by Location,"{'type': 'doc', 'version': 1, 'content': [{'type': 'paragraph', 'content': [{'type': 'text', 'text': 'As a user, I want to browse events by location (city, zip code, radius) so that I can find events near me.'}]}, {'type': 'paragraph', 'content': [{'type': 'text', 'text': 'Acceptance Criteria:', 'marks': [{'type': 'strong'}]}]}, {'type': 'bulletList', 'content': [{'type': 'listItem', 'content': [{'type': 'paragraph', 'content': [{'type': 'text', 'text': 'User can input location via text or map selection.'}]}]}, {'type': 'listItem', 'content': [{'type': 'paragraph', 'content': [{'type': 'text', 'text': 'Results display events within specified radius.'}]}]}, {'type': 'listItem', 'content': [{'type': 'paragraph', 'content': [{'type': 'text', 'text': 'Results are sorted by distance (optional, configurable).'}]}]}, {'type': 'listItem', 'content': [{'type': 'paragraph', 'content': [{'type': 'text', 'text': 'Error handling for invalid location input.'}]}]}, {'type': 'listItem', 'content': [{'type': 'paragraph', 'content': [{'type': 'text', 'text': 'Accurate location data is used in results.'}]}]}]}]}",To Do,Medium,Story,2025-06-14T17:03:43.535+0530,2025-06-14T17:03:43.604+0530,,Project Major,[],[],https://projectmajorvd25.atlassian.net/browse/TES-2
10164,TES-1,TES,testing,User Event Discovery and Booking,"{'type': 'doc', 'version': 1, 'content': [{'type': 'paragraph', 'content': [{'type': 'text', 'text': 'Enable users to easily discover and book events.'}]}]}",To Do,Medium,Epic,2025-06-14T17:03:42.340+0530,2025-06-14T17:03:42.394+0530,,Project Major,[],[],https://projectmajorvd25.atlassian.net/browse/TES-1
10163,MAJOR-54,MAJOR,MAJOR,Book Event Tickets,"{'type': 'doc', 'version': 1, 'content': [{'type': 'paragraph', 'content': [{'type': 'text', 'text': 'As a user, I want to be able to select tickets and complete a purchase so that I can attend the event.'}]}, {'type': 'paragraph', 'content': [{'type': 'text', 'text': 'Acceptance Criteria:', 'marks': [{'type': 'strong'}]}]}, {'type': 'bulletList', 'content': [{'type': 'listItem', 'content': [{'type': 'paragraph', 'content': [{'type': 'text', 'text': 'Users can select multiple tickets of different price tiers.'}]}]}, {'type': 'listItem', 'content': [{'type': 'paragraph', 'content': [{'type': 'text', 'text': 'The checkout process is secure and user-friendly.'}]}]}, {'type': 'listItem', 'content': [{'type': 'paragraph', 'content': [{'type': 'text', 'text': 'Payment gateway integration is successful (UPI, Card, Wallets).'}]}]}, {'type': 'listItem', 'content': [{'type': 'paragraph', 'content': [{'type': 'text', 'text': 'Users receive an e-ticket with a QR code after purchase.'}]}]}]}]}",To Do,Medium,Story,2025-06-14T16:59:55.642+0530,2025-06-14T16:59:55.720+0530,,Project Major,[],[],https://projectmajorvd25.atlassian.net/browse/MAJOR-54
10162,MAJOR-53,MAJOR,MAJOR,Browse Events by Category and Location,"{'type': 'doc', 'version': 1, 'content': [{'type': 'paragraph', 'content': [{'type': 'text', 'text': 'As a user, I want to browse events by category and location so that I can easily find events near me that interest me.'}]}, {'type': 'paragraph', 'content': [{'type': 'text', 'text': 'Acceptance Criteria:', 'marks': [{'type': 'strong'}]}]}, {'type': 'bulletList', 'content': [{'type': 'listItem', 'content': [{'type': 'paragraph', 'content': [{'type': 'text', 'text': 'Events are displayed correctly filtered by category.'}]}]}, {'type': 'listItem', 'content': [{'type': 'paragraph', 'content': [{'type': 'text', 'text': 'Events are displayed correctly filtered by location (using geolocation).'}]}]}, {'type': 'listItem', 'content': [{'type': 'paragraph', 'content': [{'type': 'text', 'text': 'Filtering options are intuitive and easy to use.'}]}]}, {'type': 'listItem', 'content': [{'type': 'paragraph', 'content': [{'type': 'text', 'text': 'Results are paginated to prevent slow loading.'}]}]}]}]}",To Do,Medium,Story,2025-06-14T16:59:54.625+0530,2025-06-14T16:59:54.691+0530,,Project Major,[],[],https://projectmajorvd25.atlassian.net/browse/MAJOR-53
10161,MAJOR-52,MAJOR,MAJOR,Event Discovery and Booking,"{'type': 'doc', 'version': 1, 'content': [{'type': 'paragraph', 'content': [{'type': 'text', 'text': 'Enable users to easily discover and book events.'}]}]}",To Do,Medium,Epic,2025-06-14T16:59:53.403+0530,2025-06-14T16:59:53.473+0530,,Project Major,[],[],https://projectmajorvd25.atlassian.net/browse/MAJOR-52
10160,MAJOR-51,MAJOR,MAJOR,Post-Event Ratings and Reviews,"{'type': 'doc', 'version': 1, 'content': [{'type': 'paragraph', 'content': [{'type': 'text', 'text': 'As a user, I want to leave a rating and review for an event I attended so that I can share my experience and help others.'}]}, {'type': 'paragraph', 'content': [{'type': 'text', 'text': 'Acceptance Criteria:', 'marks': [{'type': 'strong'}]}]}, {'type': 'bulletList', 'content': [{'type': 'listItem', 'content': [{'type': 'paragraph', 'content': [{'type': 'text', 'text': 'Users can submit ratings (e.g., star ratings) and text reviews.'}]}]}, {'type': 'listItem', 'content': [{'type': 'paragraph', 'content': [{'type': 'text', 'text': 'Reviews are moderated before publication (optional).'}]}]}, {'type': 'listItem', 'content': [{'type': 'paragraph', 'content': [{'type': 'text', 'text': 'Reviews are displayed publicly with user names or anonymously.'}]}]}, {'type': 'listItem', 'content': [{'type': 'paragraph', 'content': [{'type': 'text', 'text': 'Average rating is clearly visible on the event page.'}]}]}, {'type': 'listItem', 'content': [{'type': 'paragraph', 'content': [{'type': 'text', 'text': 'Users can filter reviews by rating or other criteria.'}]}]}]}]}",To Do,Medium,Story,2025-06-14T16:58:04.597+0530,2025-06-14T16:58:04.664+0530,,Project Major,[],[],https://projectmajorvd25.atlassian.net/browse/MAJOR-51
10159,MAJOR-50,MAJOR,MAJOR,Post-Event Features,"{'type': 'doc', 'version': 1, 'content': [{'type': 'paragraph', 'content': [{'type': 'text', 'text': ""Enable users to rate and review events, enhancing the platform's utility and discoverability.""}]}]}",To Do,Medium,Epic,2025-06-14T16:58:03.533+0530,2025-06-14T16:58:03.579+0530,,Project Major,[],[],https://projectmajorvd25.atlassian.net/browse/MAJOR-50
10158,MAJOR-49,MAJOR,MAJOR,Admin Dashboard,"{'type': 'doc', 'version': 1, 'content': [{'type': 'paragraph', 'content': [{'type': 'text', 'text': ""As an administrator, I want access to a dashboard providing an overview of key system metrics and user activity so that I can monitor the platform's performance.""}]}, {'type': 'paragraph', 'content': [{'type': 'text', 'text': 'Acceptance Criteria:', 'marks': [{'type': 'strong'}]}]}, {'type': 'bulletList', 'content': [{'type': 'listItem', 'content': [{'type': 'paragraph', 'content': [{'type': 'text', 'text': 'Dashboard displays key metrics such as registered users, active events, and transactions.'}]}]}, {'type': 'listItem', 'content': [{'type': 'paragraph', 'content': [{'type': 'text', 'text': 'Admin can view and manage user accounts.'}]}]}, {'type': 'listItem', 'content': [{'type': 'paragraph', 'content': [{'type': 'text', 'text': 'Admin can view and manage organizer accounts.'}]}]}, {'type': 'listItem', 'content': [{'type': 'paragraph', 'content': [{'type': 'text', 'text': 'Admin can access detailed transaction reports.'}]}]}, {'type': 'listItem', 'content': [{'type': 'paragraph', 'content': [{'type': 'text', 'text': 'Dashboard provides alerts for critical events or errors.'}]}]}]}]}",To Do,Medium,Story,2025-06-14T16:58:02.373+0530,2025-06-14T16:58:02.445+0530,,Project Major,[],[],https://projectmajorvd25.atlassian.net/browse/MAJOR-49
10157,MAJOR-48,MAJOR,MAJOR,Admin Panel and Management,"{'type': 'doc', 'version': 1, 'content': [{'type': 'paragraph', 'content': [{'type': 'text', 'text': 'Provide administrative tools for managing users, events, and system configurations.'}]}]}",To Do,Medium,Epic,2025-06-14T16:58:01.174+0530,2025-06-14T16:58:01.235+0530,,Project Major,[],[],https://projectmajorvd25.atlassian.net/browse/MAJOR-48
10156,MAJOR-47,MAJOR,MAJOR,Event Creation,"{'type': 'doc', 'version': 1, 'content': [{'type': 'paragraph', 'content': [{'type': 'text', 'text': 'As an organizer, I want to create and publish events with all relevant details and pricing tiers so that users can find and book my events.'}]}, {'type': 'paragraph', 'content': [{'type': 'text', 'text': 'Acceptance Criteria:', 'marks': [{'type': 'strong'}]}]}, {'type': 'bulletList', 'content': [{'type': 'listItem', 'content': [{'type': 'paragraph', 'content': [{'type': 'text', 'text': 'Organizers can input all necessary event details (title, description, date, time, location, image, pricing tiers).'}]}]}, {'type': 'listItem', 'content': [{'type': 'paragraph', 'content': [{'type': 'text', 'text': 'Organizers can set ticket limits and promotional codes.'}]}]}, {'type': 'listItem', 'content': [{'type': 'paragraph', 'content': [{'type': 'text', 'text': 'Events are subject to admin approval (if required).'}]}]}, {'type': 'listItem', 'content': [{'type': 'paragraph', 'content': [{'type': 'text', 'text': 'Events are published with appropriate visibility settings.'}]}]}, {'type': 'listItem', 'content': [{'type': 'paragraph', 'content': [{'type': 'text', 'text': 'Event creation form provides clear validation and instructions.'}]}]}]}]}",To Do,Medium,Story,2025-06-14T16:58:00.048+0530,2025-06-14T16:58:00.110+0530,,Project Major,[],[],https://projectmajorvd25.atlassian.net/browse/MAJOR-47
10155,MAJOR-46,MAJOR,MAJOR,Ticket Booking and Payment,"{'type': 'doc', 'version': 1, 'content': [{'type': 'paragraph', 'content': [{'type': 'text', 'text': 'As a user, I want to book tickets for selected events and make secure online payments so that I can attend the events.'}]}, {'type': 'paragraph', 'content': [{'type': 'text', 'text': 'Acceptance Criteria:', 'marks': [{'type': 'strong'}]}]}, {'type': 'bulletList', 'content': [{'type': 'listItem', 'content': [{'type': 'paragraph', 'content': [{'type': 'text', 'text': 'Users can select the number of tickets.'}]}]}, {'type': 'listItem', 'content': [{'type': 'paragraph', 'content': [{'type': 'text', 'text': 'Payment is processed securely through integrated gateways (UPI, Card, Wallets).'}]}]}, {'type': 'listItem', 'content': [{'type': 'paragraph', 'content': [{'type': 'text', 'text': 'Users receive a confirmation email with e-tickets (QR codes).'}]}]}, {'type': 'listItem', 'content': [{'type': 'paragraph', 'content': [{'type': 'text', 'text': 'Error handling is implemented for payment failures.'}]}]}, {'type': 'listItem', 'content': [{'type': 'paragraph', 'content': [{'type': 'text', 'text': 'Order history is accessible to the user.'}]}]}]}]}",To Do,Medium,Story,2025-06-14T16:57:59.000+0530,2025-06-14T16:57:59.046+0530,,Project Major,[],[],https://projectmajorvd25.atlassian.net/browse/MAJOR-46
10154,MAJOR-45,MAJOR,MAJOR,Event Search and Browsing,"{'type': 'doc', 'version': 1, 'content': [{'type': 'paragraph', 'content': [{'type': 'text', 'text': 'As a user, I want to search and browse events by location, category, date, and popularity so that I can find events that interest me.'}]}, {'type': 'paragraph', 'content': [{'type': 'text', 'text': 'Acceptance Criteria:', 'marks': [{'type': 'strong'}]}]}, {'type': 'bulletList', 'content': [{'type': 'listItem', 'content': [{'type': 'paragraph', 'content': [{'type': 'text', 'text': 'Users can search by keywords, location, date range, and event category.'}]}]}, {'type': 'listItem', 'content': [{'type': 'paragraph', 'content': [{'type': 'text', 'text': 'Search results are displayed with relevant information (title, date, time, location, image).'}]}]}, {'type': 'listItem', 'content': [{'type': 'paragraph', 'content': [{'type': 'text', 'text': 'Events are sorted by relevance, date, popularity, or other criteria.'}]}]}, {'type': 'listItem', 'content': [{'type': 'paragraph', 'content': [{'type': 'text', 'text': 'Filtering options are intuitive and easy to use.'}]}]}, {'type': 'listItem', 'content': [{'type': 'paragraph', 'content': [{'type': 'text', 'text': 'Pagination is implemented for large result sets.'}]}]}]}]}",To Do,Medium,Story,2025-06-14T16:57:57.931+0530,2025-06-14T16:57:58.000+0530,,Project Major,[],[],https://projectmajorvd25.atlassian.net/browse/MAJOR-45
10153,MAJOR-44,MAJOR,MAJOR,Event Discovery and Booking,"{'type': 'doc', 'version': 1, 'content': [{'type': 'paragraph', 'content': [{'type': 'text', 'text': 'Allow users to easily discover and book events, and organizers to manage their events.'}]}]}",To Do,Medium,Epic,2025-06-14T16:57:56.851+0530,2025-06-14T16:57:56.912+0530,,Project Major,[],[],https://projectmajorvd25.atlassian.net/browse/MAJOR-44
10152,MAJOR-43,MAJOR,MAJOR,Organizer Registration and Verification,"{'type': 'doc', 'version': 1, 'content': [{'type': 'paragraph', 'content': [{'type': 'text', 'text': 'As an event organizer, I want to register and verify my account so that I can create and manage events on the platform.'}]}, {'type': 'paragraph', 'content': [{'type': 'text', 'text': 'Acceptance Criteria:', 'marks': [{'type': 'strong'}]}]}, {'type': 'bulletList', 'content': [{'type': 'listItem', 'content': [{'type': 'paragraph', 'content': [{'type': 'text', 'text': 'Organizer can register with business details and contact information.'}]}]}, {'type': 'listItem', 'content': [{'type': 'paragraph', 'content': [{'type': 'text', 'text': 'Platform verifies organizer identity via email or document upload.'}]}]}, {'type': 'listItem', 'content': [{'type': 'paragraph', 'content': [{'type': 'text', 'text': 'Successful verification unlocks event creation features.'}]}]}, {'type': 'listItem', 'content': [{'type': 'paragraph', 'content': [{'type': 'text', 'text': 'Pending verification status is clearly displayed.'}]}]}, {'type': 'listItem', 'content': [{'type': 'paragraph', 'content': [{'type': 'text', 'text': 'Admin can review and approve/reject organizer applications.'}]}]}]}]}",To Do,Medium,Story,2025-06-14T16:57:55.744+0530,2025-06-14T16:57:55.818+0530,,Project Major,[],[],https://projectmajorvd25.atlassian.net/browse/MAJOR-43
10151,MAJOR-42,MAJOR,MAJOR,User Registration,"{'type': 'doc', 'version': 1, 'content': [{'type': 'paragraph', 'content': [{'type': 'text', 'text': ""As a new user, I want to register an account using email or social login so that I can access the platform's features.""}]}, {'type': 'paragraph', 'content': [{'type': 'text', 'text': 'Acceptance Criteria:', 'marks': [{'type': 'strong'}]}]}, {'type': 'bulletList', 'content': [{'type': 'listItem', 'content': [{'type': 'paragraph', 'content': [{'type': 'text', 'text': 'User can register with a valid email and password.'}]}]}, {'type': 'listItem', 'content': [{'type': 'paragraph', 'content': [{'type': 'text', 'text': 'User can register via social login (e.g., Google, Facebook).'}]}]}, {'type': 'listItem', 'content': [{'type': 'paragraph', 'content': [{'type': 'text', 'text': 'Successful registration sends a confirmation email (or equivalent for social login).'}]}]}, {'type': 'listItem', 'content': [{'type': 'paragraph', 'content': [{'type': 'text', 'text': 'Duplicate email/social login attempts are handled gracefully.'}]}]}, {'type': 'listItem', 'content': [{'type': 'paragraph', 'content': [{'type': 'text', 'text': 'Registration form validates required fields.'}]}]}]}]}",To Do,Medium,Story,2025-06-14T16:57:54.604+0530,2025-06-14T17:10:42.472+0530,,Project Major,[],[],https://projectmajorvd25.atlassian.net/browse/MAJOR-42
10150,MAJOR-41,MAJOR,MAJOR,User Account Management,"{'type': 'doc', 'version': 1, 'content': [{'type': 'paragraph', 'content': [{'type': 'text', 'text': 'Enable users and organizers to create, manage, and maintain their accounts securely.'}]}]}",To Do,Medium,Epic,2025-06-14T16:57:53.468+0530,2025-06-14T16:57:53.564+0530,,Project Major,[],[],https://projectmajorvd25.atlassian.net/browse/MAJOR-41
10148,MAJOR-39,MAJOR,MAJOR,Post-Event Features,"{'type': 'doc', 'version': 1, 'content': [{'type': 'paragraph', 'content': [{'type': 'text', 'text': 'Enable users and organizers to provide feedback and manage post-event activities.'}]}]}",To Do,Medium,Epic,2025-06-14T16:55:05.197+0530,2025-06-14T16:55:05.254+0530,,Project Major,[],[],https://projectmajorvd25.atlassian.net/browse/MAJOR-39
10145,MAJOR-36,MAJOR,MAJOR,Event Management for Organizers,"{'type': 'doc', 'version': 1, 'content': [{'type': 'paragraph', 'content': [{'type': 'text', 'text': 'Provide tools for event organizers to create, manage, and promote their events.'}]}]}",To Do,Medium,Epic,2025-06-14T16:55:01.832+0530,2025-06-14T16:55:01.876+0530,,Project Major,[],[],https://projectmajorvd25.atlassian.net/browse/MAJOR-36
10142,MAJOR-33,MAJOR,MAJOR,Event Discovery and Booking,"{'type': 'doc', 'version': 1, 'content': [{'type': 'paragraph', 'content': [{'type': 'text', 'text': 'Enable users to easily discover and book events.'}]}]}",To Do,Medium,Epic,2025-06-14T16:54:58.625+0530,2025-06-14T16:54:58.673+0530,,Project Major,[],[],https://projectmajorvd25.atlassian.net/browse/MAJOR-33
10139,MAJOR-30,MAJOR,MAJOR,User Account Management,"{'type': 'doc', 'version': 1, 'content': [{'type': 'paragraph', 'content': [{'type': 'text', 'text': 'Allow users and organizers to create, manage, and securely access their accounts.'}]}]}",To Do,Medium,Epic,2025-06-14T16:54:55.166+0530,2025-06-14T16:54:55.230+0530,,Project Major,[],[],https://projectmajorvd25.atlassian.net/browse/MAJOR-30
10138,NSA-11,NSA,new sample agent,Leave Event Reviews,"{'type': 'doc', 'version': 1, 'content': [{'type': 'paragraph', 'content': [{'type': 'text', 'text': 'As a user, I want to leave a review and rating for an event I attended so that I can share my experience and help others.'}]}, {'type': 'paragraph', 'content': [{'type': 'text', 'text': 'Acceptance Criteria:', 'marks': [{'type': 'strong'}]}]}, {'type': 'bulletList', 'content': [{'type': 'listItem', 'content': [{'type': 'paragraph', 'content': [{'type': 'text', 'text': 'Users can submit reviews after attending an event.'}]}]}, {'type': 'listItem', 'content': [{'type': 'paragraph', 'content': [{'type': 'text', 'text': 'Reviews include ratings (e.g., star ratings).'}]}]}, {'type': 'listItem', 'content': [{'type': 'paragraph', 'content': [{'type': 'text', 'text': 'Reviews are visible to other users.'}]}]}, {'type': 'listItem', 'content': [{'type': 'paragraph', 'content': [{'type': 'text', 'text': 'Reviews are moderated to prevent inappropriate content.'}]}]}, {'type': 'listItem', 'content': [{'type': 'paragraph', 'content': [{'type': 'text', 'text': 'Average rating is calculated and displayed.'}]}]}]}]}",To Do,Medium,Story,2025-06-14T16:53:25.345+0530,2025-06-14T16:53:25.407+0530,,Project Major,[],[],https://projectmajorvd25.atlassian.net/browse/NSA-11
10137,NSA-10,NSA,new sample agent,Post-Event Features,"{'type': 'doc', 'version': 1, 'content': [{'type': 'paragraph', 'content': [{'type': 'text', 'text': 'Enable users and organizers to provide feedback and manage post-event activities.'}]}]}",To Do,Medium,Epic,2025-06-14T16:53:24.150+0530,2025-06-14T16:53:24.220+0530,,Project Major,[],[],https://projectmajorvd25.atlassian.net/browse/NSA-10
10136,NSA-9,NSA,new sample agent,Manage Ticket Sales,"{'type': 'doc', 'version': 1, 'content': [{'type': 'paragraph', 'content': [{'type': 'text', 'text': 'As an organizer, I want to track my ticket sales and view relevant analytics so that I can understand event performance.'}]}, {'type': 'paragraph', 'content': [{'type': 'text', 'text': 'Acceptance Criteria:', 'marks': [{'type': 'strong'}]}]}, {'type': 'bulletList', 'content': [{'type': 'listItem', 'content': [{'type': 'paragraph', 'content': [{'type': 'text', 'text': 'Organizer can view total tickets sold.'}]}]}, {'type': 'listItem', 'content': [{'type': 'paragraph', 'content': [{'type': 'text', 'text': 'Organizer can view revenue generated.'}]}]}, {'type': 'listItem', 'content': [{'type': 'paragraph', 'content': [{'type': 'text', 'text': 'Organizer can access reports on ticket sales.'}]}]}, {'type': 'listItem', 'content': [{'type': 'paragraph', 'content': [{'type': 'text', 'text': 'Reporting includes relevant timeframes.'}]}]}, {'type': 'listItem', 'content': [{'type': 'paragraph', 'content': [{'type': 'text', 'text': 'Data is accurate and up-to-date.'}]}]}]}]}",To Do,Medium,Story,2025-06-14T16:53:23.055+0530,2025-06-14T16:53:23.111+0530,,Project Major,[],[],https://projectmajorvd25.atlassian.net/browse/NSA-9
10135,NSA-8,NSA,new sample agent,Create and Publish Events,"{'type': 'doc', 'version': 1, 'content': [{'type': 'paragraph', 'content': [{'type': 'text', 'text': 'As an organizer, I want to be able to create and publish events with all relevant details and media so that users can discover them.'}]}, {'type': 'paragraph', 'content': [{'type': 'text', 'text': 'Acceptance Criteria:', 'marks': [{'type': 'strong'}]}]}, {'type': 'bulletList', 'content': [{'type': 'listItem', 'content': [{'type': 'paragraph', 'content': [{'type': 'text', 'text': 'Organizers can input all required event details (title, description, date, time, location, price tiers).'}]}]}, {'type': 'listItem', 'content': [{'type': 'paragraph', 'content': [{'type': 'text', 'text': 'Organizers can upload event cover images.'}]}]}, {'type': 'listItem', 'content': [{'type': 'paragraph', 'content': [{'type': 'text', 'text': 'Events are published according to specified date/time.'}]}]}, {'type': 'listItem', 'content': [{'type': 'paragraph', 'content': [{'type': 'text', 'text': 'Event information displays correctly on event listing pages.'}]}]}, {'type': 'listItem', 'content': [{'type': 'paragraph', 'content': [{'type': 'text', 'text': 'Events are searchable.'}]}]}]}]}",To Do,Medium,Story,2025-06-14T16:53:21.954+0530,2025-06-14T16:53:22.024+0530,,Project Major,[],[],https://projectmajorvd25.atlassian.net/browse/NSA-8
10134,NSA-7,NSA,new sample agent,Event Management for Organizers,"{'type': 'doc', 'version': 1, 'content': [{'type': 'paragraph', 'content': [{'type': 'text', 'text': 'Provide tools for event organizers to create, manage, and promote their events.'}]}]}",To Do,Medium,Epic,2025-06-14T16:53:20.803+0530,2025-06-14T16:53:20.874+0530,,Project Major,[],[],https://projectmajorvd25.atlassian.net/browse/NSA-7
10133,NSA-6,NSA,new sample agent,Book Event Tickets,"{'type': 'doc', 'version': 1, 'content': [{'type': 'paragraph', 'content': [{'type': 'text', 'text': 'As a user, I want to be able to select tickets and complete the booking process securely so that I can attend the event.'}]}, {'type': 'paragraph', 'content': [{'type': 'text', 'text': 'Acceptance Criteria:', 'marks': [{'type': 'strong'}]}]}, {'type': 'bulletList', 'content': [{'type': 'listItem', 'content': [{'type': 'paragraph', 'content': [{'type': 'text', 'text': 'Users can select tickets (single or multiple).'}]}]}, {'type': 'listItem', 'content': [{'type': 'paragraph', 'content': [{'type': 'text', 'text': 'Payment gateway integration is successful.'}]}]}, {'type': 'listItem', 'content': [{'type': 'paragraph', 'content': [{'type': 'text', 'text': 'E-tickets are delivered to the users email.'}]}]}, {'type': 'listItem', 'content': [{'type': 'paragraph', 'content': [{'type': 'text', 'text': 'Booking confirmation is provided to the user.'}]}]}, {'type': 'listItem', 'content': [{'type': 'paragraph', 'content': [{'type': 'text', 'text': 'Correct ticket quantity is reflected on the organizer dashboard.'}]}]}]}]}",To Do,Medium,Story,2025-06-14T16:53:19.569+0530,2025-06-14T16:53:19.676+0530,,Project Major,[],[],https://projectmajorvd25.atlassian.net/browse/NSA-6
10132,NSA-5,NSA,new sample agent,Browse Events by Category,"{'type': 'doc', 'version': 1, 'content': [{'type': 'paragraph', 'content': [{'type': 'text', 'text': 'As a user, I want to browse events by category (e.g., concerts, conferences) so that I can easily find events of interest.'}]}, {'type': 'paragraph', 'content': [{'type': 'text', 'text': 'Acceptance Criteria:', 'marks': [{'type': 'strong'}]}]}, {'type': 'bulletList', 'content': [{'type': 'listItem', 'content': [{'type': 'paragraph', 'content': [{'type': 'text', 'text': 'Events are categorized correctly.'}]}]}, {'type': 'listItem', 'content': [{'type': 'paragraph', 'content': [{'type': 'text', 'text': 'Category filters are functional and accurate.'}]}]}, {'type': 'listItem', 'content': [{'type': 'paragraph', 'content': [{'type': 'text', 'text': 'Filtering is responsive and quick.'}]}]}, {'type': 'listItem', 'content': [{'type': 'paragraph', 'content': [{'type': 'text', 'text': 'All categories are displayed in a logical way.'}]}]}, {'type': 'listItem', 'content': [{'type': 'paragraph', 'content': [{'type': 'text', 'text': 'Empty category handling is displayed gracefully.'}]}]}]}]}",To Do,Medium,Story,2025-06-14T16:53:18.426+0530,2025-06-14T16:53:18.519+0530,,Project Major,[],[],https://projectmajorvd25.atlassian.net/browse/NSA-5
10131,NSA-4,NSA,new sample agent,Event Discovery and Booking,"{'type': 'doc', 'version': 1, 'content': [{'type': 'paragraph', 'content': [{'type': 'text', 'text': 'Enable users to easily discover and book events.'}]}]}",To Do,Medium,Epic,2025-06-14T16:53:17.367+0530,2025-06-14T16:53:17.427+0530,,Project Major,[],[],https://projectmajorvd25.atlassian.net/browse/NSA-4
10130,NSA-3,NSA,new sample agent,Organizer Account Verification,"{'type': 'doc', 'version': 1, 'content': [{'type': 'paragraph', 'content': [{'type': 'text', 'text': 'As an event organizer, I want my account to be verified by an administrator so that I can list events and sell tickets.'}]}, {'type': 'paragraph', 'content': [{'type': 'text', 'text': 'Acceptance Criteria:', 'marks': [{'type': 'strong'}]}]}, {'type': 'bulletList', 'content': [{'type': 'listItem', 'content': [{'type': 'paragraph', 'content': [{'type': 'text', 'text': 'Organizer provides necessary information (business details, contact information).'}]}]}, {'type': 'listItem', 'content': [{'type': 'paragraph', 'content': [{'type': 'text', 'text': 'Admin receives notification for verification request.'}]}]}, {'type': 'listItem', 'content': [{'type': 'paragraph', 'content': [{'type': 'text', 'text': 'Admin can approve or reject organizer accounts.'}]}]}, {'type': 'listItem', 'content': [{'type': 'paragraph', 'content': [{'type': 'text', 'text': 'Successful verification grants access to organizer features.'}]}]}, {'type': 'listItem', 'content': [{'type': 'paragraph', 'content': [{'type': 'text', 'text': 'Rejection includes a reason for rejection.'}]}]}]}]}",To Do,Medium,Story,2025-06-14T16:53:16.238+0530,2025-06-14T16:53:16.318+0530,,Project Major,[],[],https://projectmajorvd25.atlassian.net/browse/NSA-3
10129,NSA-2,NSA,new sample agent,User Registration,"{'type': 'doc', 'version': 1, 'content': [{'type': 'paragraph', 'content': [{'type': 'text', 'text': 'As a new user, I want to be able to register for an account using email or social login so that I can access the platform and book events.'}]}, {'type': 'paragraph', 'content': [{'type': 'text', 'text': 'Acceptance Criteria:', 'marks': [{'type': 'strong'}]}]}, {'type': 'bulletList', 'content': [{'type': 'listItem', 'content': [{'type': 'paragraph', 'content': [{'type': 'text', 'text': 'User can register with a valid email address and password.'}]}]}, {'type': 'listItem', 'content': [{'type': 'paragraph', 'content': [{'type': 'text', 'text': 'User can register using a supported social login (e.g., Google, Facebook).'}]}]}, {'type': 'listItem', 'content': [{'type': 'paragraph', 'content': [{'type': 'text', 'text': 'A confirmation email is sent upon successful registration.'}]}]}, {'type': 'listItem', 'content': [{'type': 'paragraph', 'content': [{'type': 'text', 'text': 'Duplicate email registration is prevented.'}]}]}, {'type': 'listItem', 'content': [{'type': 'paragraph', 'content': [{'type': 'text', 'text': 'Passwords meet complexity requirements.'}]}]}]}]}",To Do,Medium,Story,2025-06-14T16:53:15.068+0530,2025-06-14T16:53:15.128+0530,,Project Major,[],[],https://projectmajorvd25.atlassian.net/browse/NSA-2
10128,NSA-1,NSA,new sample agent,User Account Management,"{'type': 'doc', 'version': 1, 'content': [{'type': 'paragraph', 'content': [{'type': 'text', 'text': 'Allow users and organizers to create, manage, and securely access their accounts.'}]}]}",To Do,Medium,Epic,2025-06-14T16:53:13.949+0530,2025-06-14T16:53:13.997+0530,,Project Major,[],[],https://projectmajorvd25.atlassian.net/browse/NSA-1
10126,MAJOR-28,MAJOR,MAJOR,Payment Gateway Integration,"{'type': 'doc', 'version': 1, 'content': [{'type': 'paragraph', 'content': [{'type': 'text', 'text': 'Integrate secure payment options for users.'}]}]}",To Do,Medium,Epic,2025-06-14T16:32:57.645+0530,2025-06-14T16:32:57.704+0530,,Project Major,[],[],https://projectmajorvd25.atlassian.net/browse/MAJOR-28
10124,MAJOR-26,MAJOR,MAJOR,Order Tracking and Management,"{'type': 'doc', 'version': 1, 'content': [{'type': 'paragraph', 'content': [{'type': 'text', 'text': 'Enable users to track their orders in real-time.'}]}]}",To Do,Medium,Epic,2025-06-14T16:32:55.803+0530,2025-06-14T16:32:55.866+0530,,Project Major,[],[],https://projectmajorvd25.atlassian.net/browse/MAJOR-26
10120,MAJOR-22,MAJOR,MAJOR,Product Browsing and Ordering,"{'type': 'doc', 'version': 1, 'content': [{'type': 'paragraph', 'content': [{'type': 'text', 'text': 'Enable users to easily browse, search, and order products.'}]}]}",To Do,Medium,Epic,2025-06-14T16:32:51.952+0530,2025-06-14T16:32:52.023+0530,,Project Major,[],[],https://projectmajorvd25.atlassian.net/browse/MAJOR-22
10117,MAJOR-19,MAJOR,MAJOR,User Account and Onboarding,"{'type': 'doc', 'version': 1, 'content': [{'type': 'paragraph', 'content': [{'type': 'text', 'text': 'Enable users to create accounts, log in, and securely manage their profiles.'}]}]}",To Do,Medium,Epic,2025-06-14T16:32:48.897+0530,2025-06-14T16:32:48.966+0530,,Project Major,[],[],https://projectmajorvd25.atlassian.net/browse/MAJOR-19
10112,MAJOR-16,MAJOR,MAJOR,Order Management and Tracking,,To Do,Medium,Epic,2025-06-14T16:26:36.382+0530,2025-06-14T16:26:36.435+0530,,Project Major,[],[],https://projectmajorvd25.atlassian.net/browse/MAJOR-16
10108,MAJOR-14,MAJOR,MAJOR,Payment and Checkout,,To Do,Medium,Epic,2025-06-14T16:26:33.359+0530,2025-06-14T16:26:33.411+0530,,Project Major,[],[],https://projectmajorvd25.atlassian.net/browse/MAJOR-14
10102,MAJOR-11,MAJOR,MAJOR,Restaurant Discovery and Ordering,,To Do,Medium,Epic,2025-06-14T16:26:28.495+0530,2025-06-14T16:26:28.552+0530,,Project Major,[],[],https://projectmajorvd25.atlassian.net/browse/MAJOR-11
10094,MAJOR-7,MAJOR,MAJOR,User Account Management,,To Do,Medium,Epic,2025-06-14T16:26:22.489+0530,2025-06-14T16:26:22.530+0530,,Project Major,[],[],https://projectmajorvd25.atlassian.net/browse/MAJOR-7
10090,MAJOR-6,MAJOR,MAJOR,Location Services,"{'type': 'doc', 'version': 1, 'content': [{'type': 'paragraph', 'content': [{'type': 'text', 'text': 'Ensure accurate location detection for order placement and delivery.'}]}]}",To Do,Medium,Epic,2025-06-14T16:19:44.314+0530,2025-06-14T16:19:44.376+0530,,Project Major,[],[],https://projectmajorvd25.atlassian.net/browse/MAJOR-6
10084,MAJOR-5,MAJOR,MAJOR,Order Tracking and Management,"{'type': 'doc', 'version': 1, 'content': [{'type': 'paragraph', 'content': [{'type': 'text', 'text': 'Enable users to track their orders and manage their order history.'}]}]}",To Do,Medium,Epic,2025-06-14T16:19:39.425+0530,2025-06-14T16:19:39.482+0530,,Project Major,[],[],https://projectmajorvd25.atlassian.net/browse/MAJOR-5
10076,MAJOR-4,MAJOR,MAJOR,Product Browsing and Ordering,"{'type': 'doc', 'version': 1, 'content': [{'type': 'paragraph', 'content': [{'type': 'text', 'text': 'Allow users to browse products, add them to their cart, and place orders.'}]}]}",To Do,Medium,Epic,2025-06-14T16:19:34.678+0530,2025-06-14T16:19:34.726+0530,,Project Major,[],[],https://projectmajorvd25.atlassian.net/browse/MAJOR-4
10070,MAJOR-3,MAJOR,MAJOR,User Account and Onboarding,"{'type': 'doc', 'version': 1, 'content': [{'type': 'paragraph', 'content': [{'type': 'text', 'text': 'Enable users to create accounts, log in, and manage their profiles.'}]}]}",To Do,Medium,Epic,2025-06-14T16:19:30.717+0530,2025-06-14T16:19:30.777+0530,,Project Major,[],[],https://projectmajorvd25.atlassian.net/browse/MAJOR-3
10062,MAJOR-2,MAJOR,MAJOR,User Registration and Ordering,"{'type': 'doc', 'version': 1, 'content': [{'type': 'paragraph', 'content': [{'type': 'text', 'text': 'Enable users to register, browse products, and place orders.'}]}]}",To Do,Medium,Epic,2025-06-14T16:11:59.209+0530,2025-06-14T16:11:59.278+0530,,Project Major,[],[],https://projectmajorvd25.atlassian.net/browse/MAJOR-2
10056,MAJOR-1,MAJOR,MAJOR,User-Facing Application,"{'type': 'doc', 'version': 1, 'content': [{'type': 'paragraph', 'content': [{'type': 'text', 'text': 'Develop the user-facing mobile and web applications for browsing, ordering, and tracking groceries.'}]}]}",To Do,Medium,Epic,2025-06-14T16:06:40.396+0530,2025-06-14T16:06:40.960+0530,,Project Major,[],[],https://projectmajorvd25.atlassian.net/browse/MAJOR-1
10003,SCRUM-4,SCRUM,sample,add data visualizations in home page,,Done,Medium,Task,2025-06-10T17:52:42.116+0530,2025-06-10T17:53:01.231+0530,,Project Major,[],[],https://projectmajorvd25.atlassian.net/browse/SCRUM-4
10002,SCRUM-3,SCRUM,sample,introduce dark theme to the website,,In Progress,Medium,Task,2025-06-10T17:52:30.522+0530,2025-06-10T17:52:50.425+0530,,Project Major,[],[],https://projectmajorvd25.atlassian.net/browse/SCRUM-3
10001,SCRUM-2,SCRUM,sample,Change functionality of fertilizer generic algorithm,,In Progress,Medium,Task,2025-06-10T17:52:21.329+0530,2025-06-10T17:53:00.839+0530,,Project Major,[],[],https://projectmajorvd25.atlassian.net/browse/SCRUM-2
10000,SCRUM-1,SCRUM,sample,HTML page not working,,To Do,Medium,Task,2025-06-10T17:52:03.152+0530,2025-06-10T17:52:04.030+0530,,Project Major,[],[],https://projectmajorvd25.atlassian.net/browse/SCRUM-1
